{"UUID":"MIJV63tBvNREJ2xoPtsuH0","layoutMainAxisSizing":null,"layoutCrossAxisSizing":null,"name":"DEMO - Outfitr - Fashion UI Kit _Figma","isVisible":true,"boundaryRectangle":null,"style":null,"prototypeNodeUUID":null,"child":null,"constraints":null,"debug":false,"pngPath":"/usr/src/app/temp-out/pb-tmp-228790bf-7808-472a-b956-92659a168c28/cous/lib/assets/images","pages":[{"UUID":"0:1","layoutMainAxisSizing":null,"layoutCrossAxisSizing":null,"name":"Page 1","isVisible":true,"boundaryRectangle":null,"style":null,"prototypeNodeUUID":null,"child":null,"constraints":null,"convert":true,"screens":[],"pbdlType":"page"}],"miscPages":[],"sharedStyles":[],"globalStyles":{"UUID":"","layoutMainAxisSizing":null,"layoutCrossAxisSizing":null,"name":"","isVisible":false,"boundaryRectangle":null,"style":null,"prototypeNodeUUID":null,"child":null,"constraints":null,"pbdlType":"global_styles","designSystem":"material","colors":[{"UUID":"220:101","layoutMainAxisSizing":null,"layoutCrossAxisSizing":null,"name":"Accent/Orange","isVisible":false,"boundaryRectangle":null,"style":null,"prototypeNodeUUID":null,"child":null,"constraints":null,"description":"","pbdlType":"global_color","color":{"a":1.0,"r":1.0,"g":0.890666663646698,"b":0.8291666507720947}},{"UUID":"220:46","layoutMainAxisSizing":null,"layoutCrossAxisSizing":null,"name":"Accent/Blue","isVisible":false,"boundaryRectangle":null,"style":null,"prototypeNodeUUID":null,"child":null,"constraints":null,"description":"","pbdlType":"global_color","color":{"a":1.0,"r":0.9041666984558105,"g":0.9648611545562744,"b":1.0}},{"UUID":"220:47","layoutMainAxisSizing":null,"layoutCrossAxisSizing":null,"name":"Ink/01","isVisible":false,"boundaryRectangle":null,"style":null,"prototypeNodeUUID":null,"child":null,"constraints":null,"description":"","pbdlType":"global_color","color":{"a":1.0,"r":0.09795138239860535,"g":0.11511979252099991,"b":0.12916666269302368}},{"UUID":"220:93","layoutMainAxisSizing":null,"layoutCrossAxisSizing":null,"name":"Ink/03","isVisible":false,"boundaryRectangle":null,"style":null,"prototypeNodeUUID":null,"child":null,"constraints":null,"description":"","pbdlType":"global_color","color":{"a":1.0,"r":0.6735416650772095,"g":0.7224687337875366,"b":0.762499988079071}},{"UUID":"220:27","layoutMainAxisSizing":null,"layoutCrossAxisSizing":null,"name":"Utility/Dark Background","isVisible":false,"boundaryRectangle":null,"style":null,"prototypeNodeUUID":null,"child":null,"constraints":null,"description":"","pbdlType":"global_color","color":{"a":1.0,"r":0.22499999403953552,"g":0.22499999403953552,"b":0.22499999403953552}},{"UUID":"220:28","layoutMainAxisSizing":null,"layoutCrossAxisSizing":null,"name":"Ink/06","isVisible":false,"boundaryRectangle":null,"style":null,"prototypeNodeUUID":null,"child":null,"constraints":null,"description":"","pbdlType":"global_color","color":{"a":1.0,"r":1.0,"g":1.0,"b":1.0}},{"UUID":"220:19","layoutMainAxisSizing":null,"layoutCrossAxisSizing":null,"name":"Accent/Pink","isVisible":false,"boundaryRectangle":null,"style":null,"prototypeNodeUUID":null,"child":null,"constraints":null,"description":"","pbdlType":"global_color","color":{"a":1.0,"r":1.0,"g":0.9083333015441895,"b":0.9248332977294922}}],"textStyles":[{"UUID":"220:100","layoutMainAxisSizing":null,"layoutCrossAxisSizing":null,"name":"Heading/H4","isVisible":false,"boundaryRectangle":null,"style":null,"prototypeNodeUUID":null,"child":null,"constraints":null,"description":"","pbdlType":"global_text_style","textStyle":{"UUID":"","layoutMainAxisSizing":null,"layoutCrossAxisSizing":null,"name":"","isVisible":false,"boundaryRectangle":null,"style":null,"prototypeNodeUUID":"","child":null,"constraints":null,"fontFamily":"Nunito Sans","fontPostScriptName":"NunitoSans-Bold","paragraphSpacing":0,"paragraphIndent":0,"listSpacing":0,"italics":null,"fontWeight":700,"fontSize":24.0,"textCase":"ORIGINAL","textDecoration":"NONE","textAutoResize":"WIDTH_AND_HEIGHT","textAlignHorizontal":"LEFT","textAlignVertical":"TOP","letterSpacing":-0.5,"fills":null,"hyperLink":null,"opentypeFlags":{},"lineHeightPx":30.719999313354492,"lineHeightPercent":93.84164428710938,"lineHeightPercentFontSize":128.0,"lineHeightUnit":"FONT_SIZE_%","pbdlType":"text_style"}},{"UUID":"220:30","layoutMainAxisSizing":null,"layoutCrossAxisSizing":null,"name":"Paragraph/Large","isVisible":false,"boundaryRectangle":null,"style":null,"prototypeNodeUUID":null,"child":null,"constraints":null,"description":"","pbdlType":"global_text_style","textStyle":{"UUID":"","layoutMainAxisSizing":null,"layoutCrossAxisSizing":null,"name":"","isVisible":false,"boundaryRectangle":null,"style":null,"prototypeNodeUUID":"","child":null,"constraints":null,"fontFamily":"Nunito Sans","fontPostScriptName":"NunitoSans-Regular","paragraphSpacing":10.0,"paragraphIndent":0,"listSpacing":0,"italics":null,"fontWeight":400,"fontSize":16.0,"textCase":"ORIGINAL","textDecoration":"NONE","textAutoResize":"WIDTH_AND_HEIGHT","textAlignHorizontal":"LEFT","textAlignVertical":"TOP","letterSpacing":-0.5,"fills":null,"hyperLink":null,"opentypeFlags":{},"lineHeightPx":24.0,"lineHeightPercent":109.9706802368164,"lineHeightPercentFontSize":150.0,"lineHeightUnit":"FONT_SIZE_%","pbdlType":"text_style"}},{"UUID":"220:29","layoutMainAxisSizing":null,"layoutCrossAxisSizing":null,"name":"Paragraph/Large Bold","isVisible":false,"boundaryRectangle":null,"style":null,"prototypeNodeUUID":null,"child":null,"constraints":null,"description":"","pbdlType":"global_text_style","textStyle":{"UUID":"","layoutMainAxisSizing":null,"layoutCrossAxisSizing":null,"name":"","isVisible":false,"boundaryRectangle":null,"style":null,"prototypeNodeUUID":"","child":null,"constraints":null,"fontFamily":"Nunito Sans","fontPostScriptName":"NunitoSans-ExtraBold","paragraphSpacing":10.0,"paragraphIndent":0,"listSpacing":0,"italics":null,"fontWeight":800,"fontSize":16.0,"textCase":"ORIGINAL","textDecoration":"NONE","textAutoResize":"WIDTH_AND_HEIGHT","textAlignHorizontal":"LEFT","textAlignVertical":"TOP","letterSpacing":-0.5,"fills":null,"hyperLink":null,"opentypeFlags":{},"lineHeightPx":24.0,"lineHeightPercent":109.9706802368164,"lineHeightPercentFontSize":150.0,"lineHeightUnit":"PIXELS","pbdlType":"text_style"}},{"UUID":"220:45","layoutMainAxisSizing":null,"layoutCrossAxisSizing":null,"name":"Heading/H5","isVisible":false,"boundaryRectangle":null,"style":null,"prototypeNodeUUID":null,"child":null,"constraints":null,"description":"","pbdlType":"global_text_style","textStyle":{"UUID":"","layoutMainAxisSizing":null,"layoutCrossAxisSizing":null,"name":"","isVisible":false,"boundaryRectangle":null,"style":null,"prototypeNodeUUID":"","child":null,"constraints":null,"fontFamily":"Nunito Sans","fontPostScriptName":"NunitoSans-Bold","paragraphSpacing":5.0,"paragraphIndent":0,"listSpacing":0,"italics":null,"fontWeight":700,"fontSize":20.0,"textCase":"ORIGINAL","textDecoration":"NONE","textAutoResize":"WIDTH_AND_HEIGHT","textAlignHorizontal":"LEFT","textAlignVertical":"TOP","letterSpacing":-0.5,"fills":null,"hyperLink":null,"opentypeFlags":{},"lineHeightPx":22.5,"lineHeightPercent":82.47801208496094,"lineHeightPercentFontSize":112.5,"lineHeightUnit":"PIXELS","pbdlType":"text_style"}},{"UUID":"220:50","layoutMainAxisSizing":null,"layoutCrossAxisSizing":null,"name":"Paragraph/Small Bold","isVisible":false,"boundaryRectangle":null,"style":null,"prototypeNodeUUID":null,"child":null,"constraints":null,"description":"","pbdlType":"global_text_style","textStyle":{"UUID":"","layoutMainAxisSizing":null,"layoutCrossAxisSizing":null,"name":"","isVisible":false,"boundaryRectangle":null,"style":null,"prototypeNodeUUID":"","child":null,"constraints":null,"fontFamily":"Nunito Sans","fontPostScriptName":"NunitoSans-ExtraBold","paragraphSpacing":0,"paragraphIndent":0,"listSpacing":0,"italics":null,"fontWeight":800,"fontSize":12.0,"textCase":"ORIGINAL","textDecoration":"NONE","textAutoResize":"WIDTH_AND_HEIGHT","textAlignHorizontal":"LEFT","textAlignVertical":"TOP","letterSpacing":0.0,"fills":null,"hyperLink":null,"opentypeFlags":{},"lineHeightPx":16.0,"lineHeightPercent":97.751708984375,"lineHeightPercentFontSize":133.3333282470703,"lineHeightUnit":"PIXELS","pbdlType":"text_style"}}],"themeColors":[],"themeTextStyles":[]},"pbdlType":"project","azure_container_uri":"https://pbnestcore.blob.core.windows.net/mijv63tbvnrej2xoptsuh0"}