{"UUID":"nx7JyxWWCo9WiCwrPBh3j8","layoutMainAxisSizing":null,"layoutCrossAxisSizing":null,"name":"Mindfulness and Meditation App UI with Illustrations (Community)","isVisible":true,"boundaryRectangle":null,"style":null,"prototypeNodeUUID":null,"child":null,"constraints":null,"debug":false,"pngPath":"/usr/src/app/temp-out/pb-tmp-54d98660-1d04-4edd-ba73-8b62cf81cbf5/kk/lib/assets/images","pages":[{"UUID":"0:1","layoutMainAxisSizing":null,"layoutCrossAxisSizing":null,"name":"🎨 Styles","isVisible":true,"boundaryRectangle":null,"style":null,"prototypeNodeUUID":null,"child":null,"constraints":null,"convert":true,"screens":[],"pbdlType":"page"},{"UUID":"131:654","layoutMainAxisSizing":null,"layoutCrossAxisSizing":null,"name":"✏️ Illustrations","isVisible":true,"boundaryRectangle":null,"style":null,"prototypeNodeUUID":null,"child":null,"constraints":null,"convert":true,"screens":[],"pbdlType":"page"},{"UUID":"21:158","layoutMainAxisSizing":null,"layoutCrossAxisSizing":null,"name":"🔮 Components","isVisible":true,"boundaryRectangle":null,"style":null,"prototypeNodeUUID":null,"child":null,"constraints":null,"convert":true,"screens":[],"pbdlType":"page"},{"UUID":"28:322","layoutMainAxisSizing":null,"layoutCrossAxisSizing":null,"name":"📺 Cover","isVisible":true,"boundaryRectangle":null,"style":null,"prototypeNodeUUID":null,"child":null,"constraints":null,"convert":true,"screens":[],"pbdlType":"page"},{"UUID":"510:365","layoutMainAxisSizing":null,"layoutCrossAxisSizing":null,"name":"🖥 Templates","isVisible":true,"boundaryRectangle":null,"style":null,"prototypeNodeUUID":null,"child":null,"constraints":null,"convert":true,"screens":[],"pbdlType":"page"}],"miscPages":[],"sharedStyles":[],"globalStyles":{"UUID":"","layoutMainAxisSizing":null,"layoutCrossAxisSizing":null,"name":"","isVisible":false,"boundaryRectangle":null,"style":null,"prototypeNodeUUID":null,"child":null,"constraints":null,"pbdlType":"global_styles","designSystem":"material","colors":[{"UUID":"12:65","layoutMainAxisSizing":null,"layoutCrossAxisSizing":null,"name":"Utility/Warning","isVisible":false,"boundaryRectangle":null,"style":null,"prototypeNodeUUID":null,"child":null,"constraints":null,"description":"","pbdlType":"global_color","color":{"a":1.0,"r":1.0,"g":0.6745098233222961,"b":0.29411765933036804}},{"UUID":"12:67","layoutMainAxisSizing":null,"layoutCrossAxisSizing":null,"name":"Utility/Info","isVisible":false,"boundaryRectangle":null,"style":null,"prototypeNodeUUID":null,"child":null,"constraints":null,"description":"","pbdlType":"global_color","color":{"a":1.0,"r":0.5686274766921997,"g":0.843137264251709,"b":0.8784313797950745}},{"UUID":"12:69","layoutMainAxisSizing":null,"layoutCrossAxisSizing":null,"name":"Utility/Danger Error","isVisible":false,"boundaryRectangle":null,"style":null,"prototypeNodeUUID":null,"child":null,"constraints":null,"description":"","pbdlType":"global_color","color":{"a":1.0,"r":1.0,"g":0.35268673300743103,"b":0.35268673300743103}},{"UUID":"12:71","layoutMainAxisSizing":null,"layoutCrossAxisSizing":null,"name":"Utility/Success","isVisible":false,"boundaryRectangle":null,"style":null,"prototypeNodeUUID":null,"child":null,"constraints":null,"description":"","pbdlType":"global_color","color":{"a":1.0,"r":0.13646546006202698,"g":0.9148833751678467,"b":0.7056495547294617}},{"UUID":"12:73","layoutMainAxisSizing":null,"layoutCrossAxisSizing":null,"name":"Utility/Active","isVisible":false,"boundaryRectangle":null,"style":null,"prototypeNodeUUID":null,"child":null,"constraints":null,"description":"","pbdlType":"global_color","color":{"a":1.0,"r":0.09473435580730438,"g":0.07838541269302368,"b":0.8958333134651184}},{"UUID":"12:75","layoutMainAxisSizing":null,"layoutCrossAxisSizing":null,"name":"Ink/06","isVisible":false,"boundaryRectangle":null,"style":null,"prototypeNodeUUID":null,"child":null,"constraints":null,"description":"","pbdlType":"global_color","color":{"a":1.0,"r":1.0,"g":1.0,"b":1.0}},{"UUID":"12:77","layoutMainAxisSizing":null,"layoutCrossAxisSizing":null,"name":"Ink/05","isVisible":false,"boundaryRectangle":null,"style":null,"prototypeNodeUUID":null,"child":null,"constraints":null,"description":"","pbdlType":"global_color","color":{"a":1.0,"r":0.9104340076446533,"g":0.934486985206604,"b":0.9541666507720947}},{"UUID":"12:79","layoutMainAxisSizing":null,"layoutCrossAxisSizing":null,"name":"Ink/04","isVisible":false,"boundaryRectangle":null,"style":null,"prototypeNodeUUID":null,"child":null,"constraints":null,"description":"","pbdlType":"global_color","color":{"a":1.0,"r":0.8025000095367432,"g":0.8515416979789734,"b":0.8916666507720947}},{"UUID":"12:81","layoutMainAxisSizing":null,"layoutCrossAxisSizing":null,"name":"Ink/03","isVisible":false,"boundaryRectangle":null,"style":null,"prototypeNodeUUID":null,"child":null,"constraints":null,"description":"","pbdlType":"global_color","color":{"a":1.0,"r":0.6735416650772095,"g":0.7224687337875366,"b":0.762499988079071}},{"UUID":"12:83","layoutMainAxisSizing":null,"layoutCrossAxisSizing":null,"name":"Ink/02","isVisible":false,"boundaryRectangle":null,"style":null,"prototypeNodeUUID":null,"child":null,"constraints":null,"description":"","pbdlType":"global_color","color":{"a":1.0,"r":0.39472222328186035,"g":0.43429169058799744,"b":0.46666666865348816}},{"UUID":"12:84","layoutMainAxisSizing":null,"layoutCrossAxisSizing":null,"name":"Ink/01","isVisible":false,"boundaryRectangle":null,"style":null,"prototypeNodeUUID":null,"child":null,"constraints":null,"description":"","pbdlType":"global_color","color":{"a":1.0,"r":0.09795138239860535,"g":0.11511979252099991,"b":0.12916666269302368}},{"UUID":"28:309","layoutMainAxisSizing":null,"layoutCrossAxisSizing":null,"name":"Utility/Dark Background","isVisible":false,"boundaryRectangle":null,"style":null,"prototypeNodeUUID":null,"child":null,"constraints":null,"description":"","pbdlType":"global_color","color":{"a":1.0,"r":0.22499999403953552,"g":0.22499999403953552,"b":0.22499999403953552}},{"UUID":"41:65","layoutMainAxisSizing":null,"layoutCrossAxisSizing":null,"name":"Accent/Blue","isVisible":false,"boundaryRectangle":null,"style":null,"prototypeNodeUUID":null,"child":null,"constraints":null,"description":"","pbdlType":"global_color","color":{"a":1.0,"r":0.9041666984558105,"g":0.9648611545562744,"b":1.0}},{"UUID":"41:66","layoutMainAxisSizing":null,"layoutCrossAxisSizing":null,"name":"Accent/Green","isVisible":false,"boundaryRectangle":null,"style":null,"prototypeNodeUUID":null,"child":null,"constraints":null,"description":"","pbdlType":"global_color","color":{"a":1.0,"r":0.9166666865348816,"g":1.0,"b":0.9850000143051147}},{"UUID":"41:67","layoutMainAxisSizing":null,"layoutCrossAxisSizing":null,"name":"Accent/Purple","isVisible":false,"boundaryRectangle":null,"style":null,"prototypeNodeUUID":null,"child":null,"constraints":null,"description":"","pbdlType":"global_color","color":{"a":1.0,"r":0.9316666126251221,"g":0.8999999761581421,"b":1.0}},{"UUID":"41:97","layoutMainAxisSizing":null,"layoutCrossAxisSizing":null,"name":"Accent/Orange","isVisible":false,"boundaryRectangle":null,"style":null,"prototypeNodeUUID":null,"child":null,"constraints":null,"description":"","pbdlType":"global_color","color":{"a":1.0,"r":1.0,"g":0.890666663646698,"b":0.8291666507720947}},{"UUID":"501:852","layoutMainAxisSizing":null,"layoutCrossAxisSizing":null,"name":"Accent/Pink","isVisible":false,"boundaryRectangle":null,"style":null,"prototypeNodeUUID":null,"child":null,"constraints":null,"description":"","pbdlType":"global_color","color":{"a":1.0,"r":1.0,"g":0.9083333015441895,"b":0.9248332977294922}},{"UUID":"501:854","layoutMainAxisSizing":null,"layoutCrossAxisSizing":null,"name":"Accent/Yellow","isVisible":false,"boundaryRectangle":null,"style":null,"prototypeNodeUUID":null,"child":null,"constraints":null,"description":"","pbdlType":"global_color","color":{"a":1.0,"r":1.0,"g":0.9791666865348816,"b":0.7916666865348816}},{"UUID":"11:37","layoutMainAxisSizing":null,"layoutCrossAxisSizing":null,"name":"Ink/900-black","isVisible":false,"boundaryRectangle":null,"style":null,"prototypeNodeUUID":null,"child":null,"constraints":null,"description":"","pbdlType":"global_color","color":{"a":1.0,"r":0.0,"g":0.0,"b":0.0}},{"UUID":"11:7","layoutMainAxisSizing":null,"layoutCrossAxisSizing":null,"name":"Ink/700-dark","isVisible":false,"boundaryRectangle":null,"style":null,"prototypeNodeUUID":null,"child":null,"constraints":null,"description":"hey","pbdlType":"global_color","color":{"a":1.0,"r":0.3583333194255829,"g":0.3583333194255829,"b":0.3583333194255829}},{"UUID":"11:2","layoutMainAxisSizing":null,"layoutCrossAxisSizing":null,"name":"Ink/0-white","isVisible":false,"boundaryRectangle":null,"style":null,"prototypeNodeUUID":null,"child":null,"constraints":null,"description":"","pbdlType":"global_color","color":{"a":1.0,"r":1.0,"g":1.0,"b":1.0}},{"UUID":"11:39","layoutMainAxisSizing":null,"layoutCrossAxisSizing":null,"name":"Ink/300-light","isVisible":false,"boundaryRectangle":null,"style":null,"prototypeNodeUUID":null,"child":null,"constraints":null,"description":"","pbdlType":"global_color","color":{"a":1.0,"r":0.8583333492279053,"g":0.8583333492279053,"b":0.8583333492279053}},{"UUID":"131:638","layoutMainAxisSizing":null,"layoutCrossAxisSizing":null,"name":"Ink/01 Black","isVisible":false,"boundaryRectangle":null,"style":null,"prototypeNodeUUID":null,"child":null,"constraints":null,"description":"","pbdlType":"global_color","color":{"a":1.0,"r":0.0,"g":0.0,"b":0.0}},{"UUID":"11:38","layoutMainAxisSizing":null,"layoutCrossAxisSizing":null,"name":"Ink/500-medium","isVisible":false,"boundaryRectangle":null,"style":null,"prototypeNodeUUID":null,"child":null,"constraints":null,"description":"","pbdlType":"global_color","color":{"a":1.0,"r":0.6458333134651184,"g":0.6458333134651184,"b":0.6458333134651184}},{"UUID":"133:699","layoutMainAxisSizing":null,"layoutCrossAxisSizing":null,"name":"Brand/300","isVisible":false,"boundaryRectangle":null,"style":null,"prototypeNodeUUID":null,"child":null,"constraints":null,"description":"","pbdlType":"global_color","color":{"a":1.0,"r":0.9399999976158142,"g":0.3494871258735657,"b":0.5167990922927856}},{"UUID":"133:701","layoutMainAxisSizing":null,"layoutCrossAxisSizing":null,"name":"Black","isVisible":false,"boundaryRectangle":null,"style":null,"prototypeNodeUUID":null,"child":null,"constraints":null,"description":"","pbdlType":"global_color","color":{"a":1.0,"r":0.0,"g":0.0,"b":0.0}},{"UUID":"133:703","layoutMainAxisSizing":null,"layoutCrossAxisSizing":null,"name":"Brand/200","isVisible":false,"boundaryRectangle":null,"style":null,"prototypeNodeUUID":null,"child":null,"constraints":null,"description":"","pbdlType":"global_color","color":{"a":1.0,"r":0.949999988079071,"g":0.5246862173080444,"b":0.6451917886734009}},{"UUID":"133:698","layoutMainAxisSizing":null,"layoutCrossAxisSizing":null,"name":"Ink/White Ink","isVisible":false,"boundaryRectangle":null,"style":null,"prototypeNodeUUID":null,"child":null,"constraints":null,"description":"","pbdlType":"global_color","color":{"a":1.0,"r":1.0,"g":1.0,"b":1.0}},{"UUID":"131:1539","layoutMainAxisSizing":null,"layoutCrossAxisSizing":null,"name":"Brand/Pink / Main","isVisible":false,"boundaryRectangle":null,"style":null,"prototypeNodeUUID":null,"child":null,"constraints":null,"description":"Pink 300 - ","pbdlType":"global_color","color":{"a":1.0,"r":0.9399999976158142,"g":0.3494871258735657,"b":0.5167990922927856}},{"UUID":"131:1538","layoutMainAxisSizing":null,"layoutCrossAxisSizing":null,"name":"Brand/Teal/Main","isVisible":false,"boundaryRectangle":null,"style":null,"prototypeNodeUUID":null,"child":null,"constraints":null,"description":"Teal 200 - Brand color, Blushy ","pbdlType":"global_color","color":{"a":1.0,"r":0.5686274766921997,"g":0.843137264251709,"b":0.8784313797950745}},{"UUID":"0:3","layoutMainAxisSizing":null,"layoutCrossAxisSizing":null,"name":"Black/900","isVisible":false,"boundaryRectangle":null,"style":null,"prototypeNodeUUID":null,"child":null,"constraints":null,"description":"","pbdlType":"global_color","color":{"a":1.0,"r":0.062745101749897,"g":0.0941176488995552,"b":0.16862745583057404}},{"UUID":"917:515","layoutMainAxisSizing":null,"layoutCrossAxisSizing":null,"name":"Ink/White","isVisible":false,"boundaryRectangle":null,"style":null,"prototypeNodeUUID":null,"child":null,"constraints":null,"description":"","pbdlType":"global_color","color":{"a":1.0,"r":1.0,"g":1.0,"b":1.0}}],"textStyles":[{"UUID":"10:11","layoutMainAxisSizing":null,"layoutCrossAxisSizing":null,"name":"Heading/H1","isVisible":false,"boundaryRectangle":null,"style":null,"prototypeNodeUUID":null,"child":null,"constraints":null,"description":"","pbdlType":"global_text_style","textStyle":{"UUID":"","layoutMainAxisSizing":null,"layoutCrossAxisSizing":null,"name":"","isVisible":false,"boundaryRectangle":null,"style":null,"prototypeNodeUUID":"","child":null,"constraints":null,"fontFamily":"Nunito Sans","fontPostScriptName":"NunitoSans-Bold","paragraphSpacing":0,"paragraphIndent":0,"listSpacing":0,"italics":null,"fontWeight":700,"fontSize":56.0,"textCase":"ORIGINAL","textDecoration":"NONE","textAutoResize":"WIDTH_AND_HEIGHT","textAlignHorizontal":"LEFT","textAlignVertical":"TOP","letterSpacing":-1.0,"fills":null,"hyperLink":null,"opentypeFlags":{},"lineHeightPx":60.480003356933594,"lineHeightPercent":79.17889404296875,"lineHeightPercentFontSize":108.00000762939453,"lineHeightUnit":"FONT_SIZE_%","pbdlType":"text_style"}},{"UUID":"10:12","layoutMainAxisSizing":null,"layoutCrossAxisSizing":null,"name":"Heading/H2","isVisible":false,"boundaryRectangle":null,"style":null,"prototypeNodeUUID":null,"child":null,"constraints":null,"description":"","pbdlType":"global_text_style","textStyle":{"UUID":"","layoutMainAxisSizing":null,"layoutCrossAxisSizing":null,"name":"","isVisible":false,"boundaryRectangle":null,"style":null,"prototypeNodeUUID":"","child":null,"constraints":null,"fontFamily":"Nunito Sans","fontPostScriptName":"NunitoSans-Bold","paragraphSpacing":0,"paragraphIndent":0,"listSpacing":0,"italics":null,"fontWeight":700,"fontSize":40.0,"textCase":"ORIGINAL","textDecoration":"NONE","textAutoResize":"WIDTH_AND_HEIGHT","textAlignHorizontal":"LEFT","textAlignVertical":"TOP","letterSpacing":-1.0,"fills":null,"hyperLink":null,"opentypeFlags":{},"lineHeightPx":44.79999923706055,"lineHeightPercent":82.11144256591797,"lineHeightPercentFontSize":112.0,"lineHeightUnit":"FONT_SIZE_%","pbdlType":"text_style"}},{"UUID":"10:13","layoutMainAxisSizing":null,"layoutCrossAxisSizing":null,"name":"Heading/H3","isVisible":false,"boundaryRectangle":null,"style":null,"prototypeNodeUUID":null,"child":null,"constraints":null,"description":"","pbdlType":"global_text_style","textStyle":{"UUID":"","layoutMainAxisSizing":null,"layoutCrossAxisSizing":null,"name":"","isVisible":false,"boundaryRectangle":null,"style":null,"prototypeNodeUUID":"","child":null,"constraints":null,"fontFamily":"Nunito Sans","fontPostScriptName":"NunitoSans-ExtraBold","paragraphSpacing":0,"paragraphIndent":0,"listSpacing":0,"italics":null,"fontWeight":800,"fontSize":32.0,"textCase":"ORIGINAL","textDecoration":"NONE","textAutoResize":"WIDTH_AND_HEIGHT","textAlignHorizontal":"LEFT","textAlignVertical":"TOP","letterSpacing":-1.0,"fills":null,"hyperLink":null,"opentypeFlags":{},"lineHeightPx":40.959999084472656,"lineHeightPercent":93.84164428710938,"lineHeightPercentFontSize":128.0,"lineHeightUnit":"FONT_SIZE_%","pbdlType":"text_style"}},{"UUID":"10:14","layoutMainAxisSizing":null,"layoutCrossAxisSizing":null,"name":"Heading/H4","isVisible":false,"boundaryRectangle":null,"style":null,"prototypeNodeUUID":null,"child":null,"constraints":null,"description":"","pbdlType":"global_text_style","textStyle":{"UUID":"","layoutMainAxisSizing":null,"layoutCrossAxisSizing":null,"name":"","isVisible":false,"boundaryRectangle":null,"style":null,"prototypeNodeUUID":"","child":null,"constraints":null,"fontFamily":"Nunito Sans","fontPostScriptName":"NunitoSans-Bold","paragraphSpacing":0,"paragraphIndent":0,"listSpacing":0,"italics":null,"fontWeight":700,"fontSize":24.0,"textCase":"ORIGINAL","textDecoration":"NONE","textAutoResize":"WIDTH_AND_HEIGHT","textAlignHorizontal":"LEFT","textAlignVertical":"TOP","letterSpacing":-0.5,"fills":null,"hyperLink":null,"opentypeFlags":{},"lineHeightPx":30.719999313354492,"lineHeightPercent":93.84164428710938,"lineHeightPercentFontSize":128.0,"lineHeightUnit":"FONT_SIZE_%","pbdlType":"text_style"}},{"UUID":"10:15","layoutMainAxisSizing":null,"layoutCrossAxisSizing":null,"name":"Heading/H5","isVisible":false,"boundaryRectangle":null,"style":null,"prototypeNodeUUID":null,"child":null,"constraints":null,"description":"","pbdlType":"global_text_style","textStyle":{"UUID":"","layoutMainAxisSizing":null,"layoutCrossAxisSizing":null,"name":"","isVisible":false,"boundaryRectangle":null,"style":null,"prototypeNodeUUID":"","child":null,"constraints":null,"fontFamily":"Nunito Sans","fontPostScriptName":"NunitoSans-Bold","paragraphSpacing":5.0,"paragraphIndent":0,"listSpacing":0,"italics":null,"fontWeight":700,"fontSize":20.0,"textCase":"ORIGINAL","textDecoration":"NONE","textAutoResize":"WIDTH_AND_HEIGHT","textAlignHorizontal":"LEFT","textAlignVertical":"TOP","letterSpacing":-0.5,"fills":null,"hyperLink":null,"opentypeFlags":{},"lineHeightPx":22.5,"lineHeightPercent":82.47801208496094,"lineHeightPercentFontSize":112.5,"lineHeightUnit":"PIXELS","pbdlType":"text_style"}},{"UUID":"10:16","layoutMainAxisSizing":null,"layoutCrossAxisSizing":null,"name":"Paragraph/Large","isVisible":false,"boundaryRectangle":null,"style":null,"prototypeNodeUUID":null,"child":null,"constraints":null,"description":"","pbdlType":"global_text_style","textStyle":{"UUID":"","layoutMainAxisSizing":null,"layoutCrossAxisSizing":null,"name":"","isVisible":false,"boundaryRectangle":null,"style":null,"prototypeNodeUUID":"","child":null,"constraints":null,"fontFamily":"Nunito Sans","fontPostScriptName":"NunitoSans-Regular","paragraphSpacing":10.0,"paragraphIndent":0,"listSpacing":0,"italics":null,"fontWeight":400,"fontSize":16.0,"textCase":"ORIGINAL","textDecoration":"NONE","textAutoResize":"WIDTH_AND_HEIGHT","textAlignHorizontal":"LEFT","textAlignVertical":"TOP","letterSpacing":-0.5,"fills":null,"hyperLink":null,"opentypeFlags":{},"lineHeightPx":24.0,"lineHeightPercent":109.9706802368164,"lineHeightPercentFontSize":150.0,"lineHeightUnit":"FONT_SIZE_%","pbdlType":"text_style"}},{"UUID":"10:17","layoutMainAxisSizing":null,"layoutCrossAxisSizing":null,"name":"Paragraph/Medium","isVisible":false,"boundaryRectangle":null,"style":null,"prototypeNodeUUID":null,"child":null,"constraints":null,"description":"","pbdlType":"global_text_style","textStyle":{"UUID":"","layoutMainAxisSizing":null,"layoutCrossAxisSizing":null,"name":"","isVisible":false,"boundaryRectangle":null,"style":null,"prototypeNodeUUID":"","child":null,"constraints":null,"fontFamily":"Nunito Sans","fontPostScriptName":"NunitoSans-Regular","paragraphSpacing":0,"paragraphIndent":0,"listSpacing":0,"italics":null,"fontWeight":400,"fontSize":14.0,"textCase":"ORIGINAL","textDecoration":"NONE","textAutoResize":"WIDTH_AND_HEIGHT","textAlignHorizontal":"LEFT","textAlignVertical":"TOP","letterSpacing":0.0,"fills":null,"hyperLink":null,"opentypeFlags":{},"lineHeightPx":21.0,"lineHeightPercent":109.9706802368164,"lineHeightPercentFontSize":150.0,"lineHeightUnit":"FONT_SIZE_%","pbdlType":"text_style"}},{"UUID":"10:18","layoutMainAxisSizing":null,"layoutCrossAxisSizing":null,"name":"Paragraph/Small","isVisible":false,"boundaryRectangle":null,"style":null,"prototypeNodeUUID":null,"child":null,"constraints":null,"description":"","pbdlType":"global_text_style","textStyle":{"UUID":"","layoutMainAxisSizing":null,"layoutCrossAxisSizing":null,"name":"","isVisible":false,"boundaryRectangle":null,"style":null,"prototypeNodeUUID":"","child":null,"constraints":null,"fontFamily":"Nunito Sans","fontPostScriptName":"NunitoSans-Regular","paragraphSpacing":0,"paragraphIndent":0,"listSpacing":0,"italics":null,"fontWeight":400,"fontSize":12.0,"textCase":"ORIGINAL","textDecoration":"NONE","textAutoResize":"WIDTH_AND_HEIGHT","textAlignHorizontal":"LEFT","textAlignVertical":"TOP","letterSpacing":0.0,"fills":null,"hyperLink":null,"opentypeFlags":{},"lineHeightPx":16.0,"lineHeightPercent":97.751708984375,"lineHeightPercentFontSize":133.3333282470703,"lineHeightUnit":"PIXELS","pbdlType":"text_style"}},{"UUID":"10:19","layoutMainAxisSizing":null,"layoutCrossAxisSizing":null,"name":"Components/Large","isVisible":false,"boundaryRectangle":null,"style":null,"prototypeNodeUUID":null,"child":null,"constraints":null,"description":"","pbdlType":"global_text_style","textStyle":{"UUID":"","layoutMainAxisSizing":null,"layoutCrossAxisSizing":null,"name":"","isVisible":false,"boundaryRectangle":null,"style":null,"prototypeNodeUUID":"","child":null,"constraints":null,"fontFamily":"Nunito Sans","fontPostScriptName":"NunitoSans-SemiBold","paragraphSpacing":0,"paragraphIndent":0,"listSpacing":0,"italics":null,"fontWeight":600,"fontSize":16.0,"textCase":"ORIGINAL","textDecoration":"NONE","textAutoResize":"WIDTH_AND_HEIGHT","textAlignHorizontal":"LEFT","textAlignVertical":"TOP","letterSpacing":-0.5,"fills":null,"hyperLink":null,"opentypeFlags":{},"lineHeightPx":24.0,"lineHeightPercent":109.9706802368164,"lineHeightPercentFontSize":150.0,"lineHeightUnit":"PIXELS","pbdlType":"text_style"}},{"UUID":"10:20","layoutMainAxisSizing":null,"layoutCrossAxisSizing":null,"name":"Components/Medium Bold","isVisible":false,"boundaryRectangle":null,"style":null,"prototypeNodeUUID":null,"child":null,"constraints":null,"description":"","pbdlType":"global_text_style","textStyle":{"UUID":"","layoutMainAxisSizing":null,"layoutCrossAxisSizing":null,"name":"","isVisible":false,"boundaryRectangle":null,"style":null,"prototypeNodeUUID":"","child":null,"constraints":null,"fontFamily":"Nunito Sans","fontPostScriptName":"NunitoSans-SemiBold","paragraphSpacing":0,"paragraphIndent":0,"listSpacing":0,"italics":null,"fontWeight":600,"fontSize":14.0,"textCase":"ORIGINAL","textDecoration":"NONE","textAutoResize":"WIDTH_AND_HEIGHT","textAlignHorizontal":"LEFT","textAlignVertical":"TOP","letterSpacing":0.0,"fills":null,"hyperLink":null,"opentypeFlags":{},"lineHeightPx":16.0,"lineHeightPercent":83.78718566894531,"lineHeightPercentFontSize":114.28571319580078,"lineHeightUnit":"PIXELS","pbdlType":"text_style"}},{"UUID":"10:21","layoutMainAxisSizing":null,"layoutCrossAxisSizing":null,"name":"Components/Small","isVisible":false,"boundaryRectangle":null,"style":null,"prototypeNodeUUID":null,"child":null,"constraints":null,"description":"","pbdlType":"global_text_style","textStyle":{"UUID":"","layoutMainAxisSizing":null,"layoutCrossAxisSizing":null,"name":"","isVisible":false,"boundaryRectangle":null,"style":null,"prototypeNodeUUID":"","child":null,"constraints":null,"fontFamily":"Nunito Sans","fontPostScriptName":"NunitoSans-SemiBold","paragraphSpacing":0,"paragraphIndent":0,"listSpacing":0,"italics":null,"fontWeight":600,"fontSize":12.0,"textCase":"ORIGINAL","textDecoration":"NONE","textAutoResize":"WIDTH_AND_HEIGHT","textAlignHorizontal":"LEFT","textAlignVertical":"TOP","letterSpacing":0.0,"fills":null,"hyperLink":null,"opentypeFlags":{},"lineHeightPx":16.0,"lineHeightPercent":97.751708984375,"lineHeightPercentFontSize":133.3333282470703,"lineHeightUnit":"PIXELS","pbdlType":"text_style"}},{"UUID":"14:654","layoutMainAxisSizing":null,"layoutCrossAxisSizing":null,"name":"Paragraph/Small Bold","isVisible":false,"boundaryRectangle":null,"style":null,"prototypeNodeUUID":null,"child":null,"constraints":null,"description":"","pbdlType":"global_text_style","textStyle":{"UUID":"","layoutMainAxisSizing":null,"layoutCrossAxisSizing":null,"name":"","isVisible":false,"boundaryRectangle":null,"style":null,"prototypeNodeUUID":"","child":null,"constraints":null,"fontFamily":"Nunito Sans","fontPostScriptName":"NunitoSans-ExtraBold","paragraphSpacing":0,"paragraphIndent":0,"listSpacing":0,"italics":null,"fontWeight":800,"fontSize":12.0,"textCase":"ORIGINAL","textDecoration":"NONE","textAutoResize":"WIDTH_AND_HEIGHT","textAlignHorizontal":"LEFT","textAlignVertical":"TOP","letterSpacing":0.0,"fills":null,"hyperLink":null,"opentypeFlags":{},"lineHeightPx":16.0,"lineHeightPercent":97.751708984375,"lineHeightPercentFontSize":133.3333282470703,"lineHeightUnit":"PIXELS","pbdlType":"text_style"}},{"UUID":"14:655","layoutMainAxisSizing":null,"layoutCrossAxisSizing":null,"name":"Paragraph/Medium Bold","isVisible":false,"boundaryRectangle":null,"style":null,"prototypeNodeUUID":null,"child":null,"constraints":null,"description":"","pbdlType":"global_text_style","textStyle":{"UUID":"","layoutMainAxisSizing":null,"layoutCrossAxisSizing":null,"name":"","isVisible":false,"boundaryRectangle":null,"style":null,"prototypeNodeUUID":"","child":null,"constraints":null,"fontFamily":"Nunito Sans","fontPostScriptName":"NunitoSans-ExtraBold","paragraphSpacing":0,"paragraphIndent":0,"listSpacing":0,"italics":null,"fontWeight":800,"fontSize":14.0,"textCase":"ORIGINAL","textDecoration":"NONE","textAutoResize":"WIDTH_AND_HEIGHT","textAlignHorizontal":"LEFT","textAlignVertical":"TOP","letterSpacing":0.0,"fills":null,"hyperLink":null,"opentypeFlags":{},"lineHeightPx":24.0,"lineHeightPercent":125.68077850341797,"lineHeightPercentFontSize":171.42857360839844,"lineHeightUnit":"PIXELS","pbdlType":"text_style"}},{"UUID":"14:656","layoutMainAxisSizing":null,"layoutCrossAxisSizing":null,"name":"Paragraph/Large Bold","isVisible":false,"boundaryRectangle":null,"style":null,"prototypeNodeUUID":null,"child":null,"constraints":null,"description":"","pbdlType":"global_text_style","textStyle":{"UUID":"","layoutMainAxisSizing":null,"layoutCrossAxisSizing":null,"name":"","isVisible":false,"boundaryRectangle":null,"style":null,"prototypeNodeUUID":"","child":null,"constraints":null,"fontFamily":"Nunito Sans","fontPostScriptName":"NunitoSans-ExtraBold","paragraphSpacing":10.0,"paragraphIndent":0,"listSpacing":0,"italics":null,"fontWeight":800,"fontSize":16.0,"textCase":"ORIGINAL","textDecoration":"NONE","textAutoResize":"WIDTH_AND_HEIGHT","textAlignHorizontal":"LEFT","textAlignVertical":"TOP","letterSpacing":-0.5,"fills":null,"hyperLink":null,"opentypeFlags":{},"lineHeightPx":24.0,"lineHeightPercent":109.9706802368164,"lineHeightPercentFontSize":150.0,"lineHeightUnit":"PIXELS","pbdlType":"text_style"}},{"UUID":"101:425","layoutMainAxisSizing":null,"layoutCrossAxisSizing":null,"name":"Heading/H0","isVisible":false,"boundaryRectangle":null,"style":null,"prototypeNodeUUID":null,"child":null,"constraints":null,"description":"","pbdlType":"global_text_style","textStyle":{"UUID":"","layoutMainAxisSizing":null,"layoutCrossAxisSizing":null,"name":"","isVisible":false,"boundaryRectangle":null,"style":null,"prototypeNodeUUID":"","child":null,"constraints":null,"fontFamily":"Nunito Sans","fontPostScriptName":"NunitoSans-Bold","paragraphSpacing":0,"paragraphIndent":0,"listSpacing":0,"italics":null,"fontWeight":700,"fontSize":72.0,"textCase":"ORIGINAL","textDecoration":"NONE","textAutoResize":"WIDTH_AND_HEIGHT","textAlignHorizontal":"LEFT","textAlignVertical":"TOP","letterSpacing":-1.0,"fills":null,"hyperLink":null,"opentypeFlags":{},"lineHeightPx":75.5999984741211,"lineHeightPercent":76.9794692993164,"lineHeightPercentFontSize":104.99999237060547,"lineHeightUnit":"FONT_SIZE_%","pbdlType":"text_style"}},{"UUID":"584:1257","layoutMainAxisSizing":null,"layoutCrossAxisSizing":null,"name":"Components/Medium","isVisible":false,"boundaryRectangle":null,"style":null,"prototypeNodeUUID":null,"child":null,"constraints":null,"description":"","pbdlType":"global_text_style","textStyle":{"UUID":"","layoutMainAxisSizing":null,"layoutCrossAxisSizing":null,"name":"","isVisible":false,"boundaryRectangle":null,"style":null,"prototypeNodeUUID":"","child":null,"constraints":null,"fontFamily":"Nunito Sans","fontPostScriptName":"NunitoSans-Regular","paragraphSpacing":0,"paragraphIndent":0,"listSpacing":0,"italics":null,"fontWeight":400,"fontSize":14.0,"textCase":"ORIGINAL","textDecoration":"NONE","textAutoResize":"WIDTH_AND_HEIGHT","textAlignHorizontal":"LEFT","textAlignVertical":"TOP","letterSpacing":0.0,"fills":null,"hyperLink":null,"opentypeFlags":{},"lineHeightPx":16.0,"lineHeightPercent":83.78718566894531,"lineHeightPercentFontSize":114.28571319580078,"lineHeightUnit":"PIXELS","pbdlType":"text_style"}},{"UUID":"11:44","layoutMainAxisSizing":null,"layoutCrossAxisSizing":null,"name":"Body/Base","isVisible":false,"boundaryRectangle":null,"style":null,"prototypeNodeUUID":null,"child":null,"constraints":null,"description":"","pbdlType":"global_text_style","textStyle":{"UUID":"","layoutMainAxisSizing":null,"layoutCrossAxisSizing":null,"name":"","isVisible":false,"boundaryRectangle":null,"style":null,"prototypeNodeUUID":"","child":null,"constraints":null,"fontFamily":"Gordita","fontPostScriptName":"Gordita-Regular","paragraphSpacing":0,"paragraphIndent":0,"listSpacing":0,"italics":null,"fontWeight":400,"fontSize":14.0,"textCase":"ORIGINAL","textDecoration":"NONE","textAutoResize":"WIDTH_AND_HEIGHT","textAlignHorizontal":"LEFT","textAlignVertical":"TOP","letterSpacing":0.125,"fills":null,"hyperLink":null,"opentypeFlags":{},"lineHeightPx":20.0,"lineHeightPercent":118.04158782958984,"lineHeightPercentFontSize":142.85714721679688,"lineHeightUnit":"PIXELS","pbdlType":"text_style"}},{"UUID":"11:58","layoutMainAxisSizing":null,"layoutCrossAxisSizing":null,"name":"Component/14px Bold","isVisible":false,"boundaryRectangle":null,"style":null,"prototypeNodeUUID":null,"child":null,"constraints":null,"description":"","pbdlType":"global_text_style","textStyle":{"UUID":"","layoutMainAxisSizing":null,"layoutCrossAxisSizing":null,"name":"","isVisible":false,"boundaryRectangle":null,"style":null,"prototypeNodeUUID":"","child":null,"constraints":null,"fontFamily":"Gordita","fontPostScriptName":"Gordita-Medium","paragraphSpacing":0,"paragraphIndent":0,"listSpacing":0,"italics":null,"fontWeight":500,"fontSize":14.0,"textCase":"ORIGINAL","textDecoration":"NONE","textAutoResize":"WIDTH_AND_HEIGHT","textAlignHorizontal":"LEFT","textAlignVertical":"TOP","letterSpacing":0.125,"fills":null,"hyperLink":null,"opentypeFlags":{},"lineHeightPx":16.0,"lineHeightPercent":85.86455535888672,"lineHeightPercentFontSize":114.28571319580078,"lineHeightUnit":"PIXELS","pbdlType":"text_style"}}],"themeColors":[],"themeTextStyles":[]},"pbdlType":"project"}